bids_name	aor	aqi	dummy_trs	dvars_nstd	dvars_std	dvars_vstd	efc	fber	fd_mean	fd_num	fd_perc	fwhm_avg	fwhm_x	fwhm_y	fwhm_z	gcor	gsr_x	gsr_y	size_t	size_x	size_y	size_z	snr	spacing_tr	spacing_x	spacing_y	spacing_z	summary_bg_k	summary_bg_mad	summary_bg_mean	summary_bg_median	summary_bg_n	summary_bg_p05	summary_bg_p95	summary_bg_stdv	summary_fg_k	summary_fg_mad	summary_fg_mean	summary_fg_median	summary_fg_n	summary_fg_p05	summary_fg_p95	summary_fg_stdv	tsnr
sub-01_task-languageproduction_run-01_bold	0.00046285000000000006	0.004370388750000001	0	24.26601451120603	1.162868066984925	0.9768993320603017	0.5685216493127578	712.8590087890625	0.1680850531413763	51	25.5	1.6632284444444443	1.7201533333333332	1.90972	1.359812	0.0333994	-0.015712935477495193	0.04384586587548256	200	64	64	21	4.57911570691885	3.0	3.0	3.0	5.0	117.63021893622738	9.34780744013211	45.42473220825195	27.0049991607666	43428.0	20.119998931884766	127.7814952850342	57.89407730102539	1.975349437636397	139.46840155372493	763.100341796875	749.2149658203125	17587.0	529.5004821777344	1050.296960449219	163.61099243164062	66.13851391011849
