bids_name	cjv	cnr	efc	fber	fwhm_avg	fwhm_x	fwhm_y	fwhm_z	icvs_csf	icvs_gm	icvs_wm	inu_med	inu_range	qi_1	qi_2	rpve_csf	rpve_gm	rpve_wm	size_x	size_y	size_z	snr_csf	snr_gm	snr_total	snr_wm	snrd_csf	snrd_gm	snrd_total	snrd_wm	spacing_x	spacing_y	spacing_z	summary_bg_k	summary_bg_mad	summary_bg_mean	summary_bg_median	summary_bg_n	summary_bg_p05	summary_bg_p95	summary_bg_stdv	summary_csf_k	summary_csf_mad	summary_csf_mean	summary_csf_median	summary_csf_n	summary_csf_p05	summary_csf_p95	summary_csf_stdv	summary_gm_k	summary_gm_mad	summary_gm_mean	summary_gm_median	summary_gm_n	summary_gm_p05	summary_gm_p95	summary_gm_stdv	summary_wm_k	summary_wm_mad	summary_wm_mean	summary_wm_median	summary_wm_n	summary_wm_p05	summary_wm_p95	summary_wm_stdv	tpm_overlap_csf	tpm_overlap_gm	tpm_overlap_wm	wm2max
sub-01_T1w	0.3403063617239685	4.018348940967281	0.7351851010855724	10651.663495838287	5.458603028917929	5.539893333333333	5.362862420087122	5.4730533333333335	0.21331186806404084	0.42232404772417725	0.3643640842117819	0.4298833906650543	0.17671256214380265	0.0	0.003008903135360282	18.52229392852808	9.771982058754423	13.029916473222649	320	194	320	3.2014661557917887	16.3184984897756	15.14082029751534	25.902496246978632	25.62961078713983	57.59877932746409	53.160983714275915	76.25456102822383	0.75	0.800000011920929	0.75	6.105257319345226	0.0	5.319648688909213	0.0	1722889.0	0.0	24.20956827700138	8.591794537090392	1.4584282557360444	79.63986531322313	333.6886564008105	336.11985221505165	118756.0	117.10602706298232	500.9104520082474	104.98890842060572	0.2356319128099802	45.46466887295711	754.6580245935713	755.3799141198397	115176.0	677.8989496640861	828.8776803761721	46.289591860683416	0.19775185847779841	37.79519031813979	1000.7984417201486	1000.0413972884417	562609.0	938.6277232319117	1065.5106913298368	38.60788161107174	0.15409886680051488	0.4619532508553409	0.519906058990125	0.47689059046416166
